Workbook

Sheet product
A1: model | B1: pk | C1: name | D1: describe | E1: image | F1: price | G1: category
A2: main.product | B2: 4800000000001 | C2: 快適なシルク100%シャツ | D2: このシルクシャツは快適な着心地で、通気性に優れています。シルク100%素材で、肌触りも抜群です。お洒落なデザインで、ビジネスシーンにもピッタリです。 | E2: product_image/4800000000001.jpg | F2: 6500 | G2: 3 | H2: =VLOOKUP(G2,Sheet1!$B$2:$C$11,2,FALSE) -> 衣類
A3: main.product | B3: 4800000000002 | C3: ハイドレーティングクリーム | D3: 潤いを与えながら肌を保護するクリームです。保湿効果が長時間持続し、乾燥から肌を守ります。肌に優しい成分で作られており、敏感肌の方にもおすすめです。 | E3: product_image/4800000000002.jpg | F3: 2800 | G3: 4 | H3: =VLOOKUP(G3,Sheet1!$B$2:$C$11,2,FALSE) -> 化粧品
A4: main.product | B4: 4800000000003 | C4: ベストセラー小説「影の狩人」 | D4: 壮大なファンタジー世界を舞台にした冒険物語です。主人公の成長と友情を描いた感動的なストーリーが魅力です。読み終わった後も心に残る作品です。 | E4: product_image/4800000000003.jpg | F4: 1500 | G4: 5 | H4: =VLOOKUP(G4,Sheet1!$B$2:$C$11,2,FALSE) -> 書籍
A5: main.product | B5: 4800000000004 | C5: プロテインシェイカー500ml | D5: トレーニング後の栄養補給に最適なプロテインシェイカーです。しっかりとした作りで、漏れる心配がありません。500mlの大容量で、スポーツマンに必須のアイテムです。 | E5: product_image/4800000000004.jpg | F5: 1200 | G5: 6 | H5: =VLOOKUP(G5,Sheet1!$B$2:$C$11,2,FALSE) -> スポーツ用品
A6: main.product | B6: 4800000000005 | C6: ペット用おもちゃセット | D6: 猫や犬に最適なおもちゃのセットです。噛みやすくて丈夫な素材で作られており、ペットの興味を引きます。安全な素材を使用しているので安心してお使いいただけます。 | E6: product_image/4800000000005.jpg | F6: 800 | G6: 7 | H6: =VLOOKUP(G6,Sheet1!$B$2:$C$11,2,FALSE) -> ペット用品
A7: main.product | B7: 4800000000006 | C7: 車用ワイパーブレード交換セット | D7: 雨天時の視界確保に必須のワイパーブレード交換セットです。簡単に取り付けられ、効率的に水を拭き取ります。安全運転のために定期的な交換をおすすめします。 | E7: product_image/4800000000006.jpg | F7: 3500 | G7: 8 | H7: =VLOOKUP(G7,Sheet1!$B$2:$C$11,2,FALSE) -> 車・バイク用品
A8: main.product | B8: 4800000000007 | C8: 北欧デザインの木製テーブル | D8: シンプルで洗練された北欧デザインの木製テーブルです。ナチュラルな風合いがお部屋に温かみを与えます。耐久性があり、長くご愛用いただける家具です。 | E8: product_image/4800000000007.jpg | F8: 18000 | G8: 9 | H8: =VLOOKUP(G8,Sheet1!$B$2:$C$11,2,FALSE) -> 家具
A9: main.product | B9: 4800000000008 | C9: 子供用アートセット36色 | D9: 子供の創造性を引き出す36色のアートセットです。安全で非毒性の素材を使用しており、子供が安心して楽しめるデザインです。絵画や手作り工作に最適です。 | E9: product_image/4800000000008.jpg | F9: 1500 | G9: 10 | H9: =VLOOKUP(G9,Sheet1!$B$2:$C$11,2,FALSE) -> 子供用品
A10: main.product | B10: 4800000000009 | C10: 特製抹茶クッキー12個入り | D10: 抹茶の風味豊かなクッキーです。上質な抹茶を使用し、ほろ苦さと甘さのバランスが絶妙です。ティータイムやお土産に最適なお菓子です。 | E10: product_image/4800000000009.jpg | F10: 1200 | G10: 1 | H10: =VLOOKUP(G10,Sheet1!$B$2:$C$11,2,FALSE) -> 食品
A11: main.product | B11: 4800000000010 | C11: 多機能キッチンスケール | D11: 料理やお菓子作りに便利な多機能キッチンスケールです。精度が高く、小さな単位まで計測できます。コンパクトなデザインで収納にも便利です。 | E11: product_image/4800000000010.jpg | F11: 2500 | G11: 2 | H11: =VLOOKUP(G11,Sheet1!$B$2:$C$11,2,FALSE) -> 家電
A12: main.product | B12: 4800000000011 | C12: デニム素材のショートパンツ | D12: カジュアルなデニム素材のショートパンツです。快適な履き心地で、夏のお出かけにぴったりです。男女問わず幅広い年齢層に人気のアイテムです。 | E12: product_image/4800000000011.jpg | F12: 3500 | G12: 3 | H12: =VLOOKUP(G12,Sheet1!$B$2:$C$11,2,FALSE) -> 衣類
A13: main.product | B13: 4800000000012 | C13: 美白効果のある美容液 | D13: しっかりとした美白効果を実感できる美容液です。肌のくすみを改善し、透明感のある肌へ導きます。美容成分をたっぷり含んでおり、乾燥からも守ります。 | E13: product_image/4800000000012.jpg | F13: 4800 | G13: 4 | H13: =VLOOKUP(G13,Sheet1!$B$2:$C$11,2,FALSE) -> 化粧品
... A101: main.product | B101: 4800000000100 | C101: 上質な抹茶ショコラ | D101: 上質な抹茶とチョコレートが融合した贅沢なショコラです。ほろ苦い抹茶と濃厚なチョコレートが口の中で溶け合い、贅沢な味わいを楽しめます。お茶のお供や贈り物に最適です。 | E101: product_image/4800000000100.jpg | F101: 3800 | G101: 1 | H101: =VLOOKUP(G101,Sheet1!$B$2:$C$11,2,FALSE) -> 食品

Sheet Sheet1
B2: 1 | C2: 食品
B3: 2 | C3: 家電
B4: 3 | C4: 衣類
B5: 4 | C5: 化粧品
B6: 5 | C6: 書籍
B7: 6 | C7: スポーツ用品
B8: 7 | C8: ペット用品
B9: 8 | C9: 車・バイク用品
B10: 9 | C10: 家具
B11: 10 | C11: 子供用品
